Iteration,BnB Execution Time (s),IDA* Execution Time (s)
1,0.000562,0.000278
2,0.001103,0.000281
3,0.000479,0.000288
4,0.000532,0.000318
5,0.000513,0.000254
