Iteration,BnB Execution Time (s),IDA* Execution Time (s)
1,0.000642,0.000281
2,0.000658,0.000286
3,0.000485,0.000283
4,0.000482,0.000279
5,0.000465,0.000256
